Name,Profile Slug
AC,/ac-ocean-va-profile
Aaron,aaron-ocean-va-profile
Abigail,/abigail-ocean-va-profile
Adrian,/adrian-ocean-va-profile
Albert,albert-ocean-va-profile
Alejandro,/alejandro-ocean-va-profile
Alyssa,/alyssa-ocean-va-profile
Ana,/ana-s-ocean-va-profile
Ana Gabriela,/ana-gabriela-ocean-va-profile
Ana Victoria,/ana-victoria-ocean-va-profile
Anahi,/anahi-ocean-va-profile
Andrea,andrea-ocean-va-profile
Andres,andres-ocean-va-profile
Angel,/angel-ocean-va-profile
Antonio,/antonio-ocean-va-profile
Balbina,/balbina-ocean-va-profile
Bernadette,bernadette-ocean-va-profile
Brandon L.,/brandon-l-ocean-va-profile
Branko,/branko-ocean-va-profile
Carolina,/carolina-ocean-va-profile
Charley,https://www.oceanvirtualassistant.com/charley-ocean-va-profile
Cherry Mae,/cherry-mae-ocean-va-profile
Christine,/christine-ocean-va-profile
Dafne,/dafne-ocean-va-profile
Dawn,/dawn-ocean-va-profile
Dayana,/dayana-ocean-va-profile
Drue,https://www.oceanvirtualassistant.com/drue-ocean-va-profile
Ella,/ella-ocean-va-profile
Ellen,/ellen-rose-ocean-va-profile
Emmanuel,/emmanuel-ocean-va-profile
Fabiola,/fabiola-ocean-va-profile
Fernanda,/fernanda-ocean-va-profile
Francis,/francis-ocean-va-profile
Francis Aldrin,francis-aldrin-ocean-va-profile
Gabriela,/gabriela-ocean-va-profile
Gael,/gael-ocean-va-profile
Geraldine,/geraldine-ocean-va-profile
Gizelle,/gizelle-ocean-va-profile
Gonzalo,/gonzalo-ocean-va-profile
Grace,/grace-carmel-ocean-va-profile
Guillermo,/guillermo-ocean-va-profile
Hugo,/hugo-ocean-va-profile
Israel,/israel-ocean-va-profile
Ivan,/ivan-ocean-va-profile
Jane,/jane-ocean-va-profile
Janet,janet-ocean-va-profile
Janice,/janice-ocean-va-profile
Jasmine,/jasmine-ocean-va-profile
Javier,/javier-ocean-va-profile
Jay Alvin,/jay-alvin-ocean-va-profile
Jerome,/jerome-ocean-va-profile
Jill,/jill-ocean-va-profile
Jimmy,/jimmy-ocean-va-profile
Joan Rose,/joan-rose-ocean-va-profile
Joana,/joana-ocean-va-profile
Joel,/joel-ocean-va-profile
Joji Marie,/joji-marie-ocean-va-profile
Jomer,/jomer-daniel-ocean-va-profile
Jose Luis,/jose-luis-ocean-va-profile
Joy,/joy-ocean-va-profile
Juname,juname-ocean-va-profile
Karen,/karen-ocean-va-profile
Karl,https://www.oceanvirtualassistant.com/karl-ocean-va-profile
Karl Loyd,https://www.oceanvirtualassistant.com/karl-loyd-ocean-va-profile
Kathleen,kathleen-ocean-va-profile
Kempee,https://www.oceanvirtualassistant.com/kempee-ocean-va-profile
Kevin,/kevin-ocean-va-profile
Lady Ann,lady-ann-ocean-va-profile
Laurice,/laurice-ocean-va-profile
Lois,/lois-ocean-va-profile
Lorenz,/lorenz-ocean-va-profile
Louise,/louise-ocean-va-profile
Ma. Venus,/ma-venus-ocean-va-profile
Marco,/marco-ocean-va-profile
Maria,/maria-ocean-va-profile
Maria Christine,/maria-christine-ocean-va-profile
Maria D.,/maria-d-ocean-va-profile
Maria Paula,/maria-paula-ocean-va-profile
Maridel,/maridel-ocean-va-profile
Maximiliano,arlene-ocean-va-profile
Melissa,/melissa-ocean-va-profile
Michelle,/michelle-ocean-va-profile
Mina,/mina-ocean-va-profile
Moises,/moises-ocean-va-profile
Patricia,/patricia-ocean-va-profile
Patricia Nicole,/patricia-nicole-ocean-va-profile
Patricio,/patricio-ocean-va-profile
Pavel,/pavel-ocean-va-profile
Rafael,/rafael-ocean-va-profile
Rainier,/rainier-ocean-va-profile
Randean,/randean-ocean-va-profile
Raydon,/raydon-ocean-va-profile
Rejean,/rejean-ocean-va-profile
Rochelle,/rochelle-ocean-va-profile
Rona Mae,/rona-mae-ocean-va-profile
Ruel,ruel-ocean-va-profile
Samantha,/samantha-ocean-va-profile
Sandra,/sandra-ocean-va-profile
Sheila Marie,sheila-marie-ocean-va-profile
Tricia,/tricia-ocean-va-profile
Vicente,vicente-ocean-va-profile
Ximena,/ximena-ocean-va-profile
Ximena G.,/ximena-g-ocean-va-profile
Yvette,/yvette-ocean-va-profile